[{"model": "admin.logentry", "pk": 1, "fields": {"action_time": "2024-02-27T18:24:01.749Z", "user": 1, "content_type": 6, "object_id": "1", "object_repr": "Shirts", "action_flag": 1, "change_message": "[{\"added\": {}}]"}}, {"model": "admin.logentry", "pk": 2, "fields": {"action_time": "2024-02-27T18:27:33.816Z", "user": 1, "content_type": 6, "object_id": "1", "object_repr": "Shirts", "action_flag": 2, "change_message": "[]"}}, {"model": "admin.logentry", "pk": 3, "fields": {"action_time": "2024-02-27T18:35:01.495Z", "user": 1, "content_type": 6, "object_id": "2", "object_repr": "T Shirt", "action_flag": 1, "change_message": "[{\"added\": {}}]"}}, {"model": "admin.logentry", "pk": 4, "fields": {"action_time": "2024-02-27T18:35:52.946Z", "user": 1, "content_type": 6, "object_id": "3", "object_repr": "Shoes", "action_flag": 1, "change_message": "[{\"added\": {}}]"}}, {"model": "admin.logentry", "pk": 5, "fields": {"action_time": "2024-02-27T18:36:56.417Z", "user": 1, "content_type": 6, "object_id": "4", "object_repr": "Jeans", "action_flag": 1, "change_message": "[{\"added\": {}}]"}}, {"model": "admin.logentry", "pk": 6, "fields": {"action_time": "2024-02-27T18:37:29.985Z", "user": 1, "content_type": 6, "object_id": "5", "object_repr": "Jackets", "action_flag": 1, "change_message": "[{\"added\": {}}]"}}, {"model": "admin.logentry", "pk": 7, "fields": {"action_time": "2024-02-28T15:54:47.978Z", "user": 1, "content_type": 8, "object_id": "1", "object_repr": "ATX Jeans", "action_flag": 1, "change_message": "[{\"added\": {}}]"}}, {"model": "admin.logentry", "pk": 8, "fields": {"action_time": "2024-02-28T15:55:40.765Z", "user": 1, "content_type": 8, "object_id": "2", "object_repr": "RXN Blue Shirt", "action_flag": 1, "change_message": "[{\"added\": {}}]"}}, {"model": "admin.logentry", "pk": 9, "fields": {"action_time": "2024-02-28T15:56:17.379Z", "user": 1, "content_type": 8, "object_id": "3", "object_repr": "Great Tshirt", "action_flag": 1, "change_message": "[{\"added\": {}}]"}}, {"model": "admin.logentry", "pk": 10, "fields": {"action_time": "2024-02-28T15:57:06.750Z", "user": 1, "content_type": 8, "object_id": "4", "object_repr": "Jordan Basketball Shoes", "action_flag": 1, "change_message": "[{\"added\": {}}]"}}, {"model": "admin.logentry", "pk": 11, "fields": {"action_time": "2024-02-28T15:57:35.630Z", "user": 1, "content_type": 8, "object_id": "5", "object_repr": "Mavi Jeans", "action_flag": 1, "change_message": "[{\"added\": {}}]"}}, {"model": "admin.logentry", "pk": 12, "fields": {"action_time": "2024-02-28T16:05:57.004Z", "user": 1, "content_type": 8, "object_id": "6", "object_repr": "Puma Ferrari Shoes", "action_flag": 1, "change_message": "[{\"added\": {}}]"}}, {"model": "admin.logentry", "pk": 13, "fields": {"action_time": "2024-02-28T16:07:51.505Z", "user": 1, "content_type": 8, "object_id": "7", "object_repr": "US Polo Assn Jacket", "action_flag": 1, "change_message": "[{\"added\": {}}]"}}, {"model": "admin.logentry", "pk": 14, "fields": {"action_time": "2024-02-28T16:08:30.957Z", "user": 1, "content_type": 8, "object_id": "8", "object_repr": "Wrangler Shirt", "action_flag": 1, "change_message": "[{\"added\": {}}]"}}, {"model": "admin.logentry", "pk": 15, "fields": {"action_time": "2024-02-28T23:12:26.506Z", "user": 1, "content_type": 8, "object_id": "3", "object_repr": "Great Tshirt", "action_flag": 2, "change_message": "[{\"changed\": {\"fields\": [\"Stock\"]}}]"}}, {"model": "admin.logentry", "pk": 16, "fields": {"action_time": "2024-03-04T16:05:26.176Z", "user": 1, "content_type": 11, "object_id": "1", "object_repr": "Variation object (1)", "action_flag": 1, "change_message": "[{\"added\": {}}]"}}, {"model": "admin.logentry", "pk": 17, "fields": {"action_time": "2024-03-04T16:12:16.349Z", "user": 1, "content_type": 11, "object_id": "2", "object_repr": "Variation object (2)", "action_flag": 1, "change_message": "[{\"added\": {}}]"}}, {"model": "admin.logentry", "pk": 18, "fields": {"action_time": "2024-03-04T16:12:28.457Z", "user": 1, "content_type": 11, "object_id": "3", "object_repr": "Variation object (3)", "action_flag": 1, "change_message": "[{\"added\": {}}]"}}, {"model": "admin.logentry", "pk": 19, "fields": {"action_time": "2024-03-04T16:31:12.473Z", "user": 1, "content_type": 11, "object_id": "1", "object_repr": "Variation object (1)", "action_flag": 2, "change_message": "[{\"changed\": {\"fields\": [\"Variation value\"]}}]"}}, {"model": "admin.logentry", "pk": 20, "fields": {"action_time": "2024-03-04T17:21:51.708Z", "user": 1, "content_type": 11, "object_id": "4", "object_repr": "Variation object (4)", "action_flag": 1, "change_message": "[{\"added\": {}}]"}}, {"model": "admin.logentry", "pk": 21, "fields": {"action_time": "2024-03-04T17:53:10.822Z", "user": 1, "content_type": 11, "object_id": "5", "object_repr": "Variation object (5)", "action_flag": 1, "change_message": "[{\"added\": {}}]"}}, {"model": "admin.logentry", "pk": 22, "fields": {"action_time": "2024-03-04T17:53:29.355Z", "user": 1, "content_type": 11, "object_id": "6", "object_repr": "Variation object (6)", "action_flag": 1, "change_message": "[{\"added\": {}}]"}}, {"model": "admin.logentry", "pk": 23, "fields": {"action_time": "2024-03-04T17:53:51.254Z", "user": 1, "content_type": 11, "object_id": "4", "object_repr": "Variation object (4)", "action_flag": 2, "change_message": "[{\"changed\": {\"fields\": [\"Variation value\"]}}]"}}, {"model": "admin.logentry", "pk": 24, "fields": {"action_time": "2024-03-04T22:38:05.787Z", "user": 1, "content_type": 10, "object_id": "1", "object_repr": "0qa5g7q88bg66t9oqktcnjpwc1fwhvps", "action_flag": 3, "change_message": ""}}, {"model": "admin.logentry", "pk": 25, "fields": {"action_time": "2024-03-04T23:11:08.337Z", "user": 1, "content_type": 10, "object_id": "2", "object_repr": "0qa5g7q88bg66t9oqktcnjpwc1fwhvps", "action_flag": 3, "change_message": ""}}, {"model": "admin.logentry", "pk": 26, "fields": {"action_time": "2024-03-04T23:14:09.715Z", "user": 1, "content_type": 9, "object_id": "34", "object_repr": "CartItem object (34)", "action_flag": 1, "change_message": "[{\"added\": {}}]"}}, {"model": "admin.logentry", "pk": 27, "fields": {"action_time": "2024-03-04T23:14:42.722Z", "user": 1, "content_type": 11, "object_id": "7", "object_repr": "White", "action_flag": 1, "change_message": "[{\"added\": {}}]"}}, {"model": "admin.logentry", "pk": 28, "fields": {"action_time": "2024-03-04T23:14:54.980Z", "user": 1, "content_type": 11, "object_id": "8", "object_repr": "small", "action_flag": 1, "change_message": "[{\"added\": {}}]"}}, {"model": "admin.logentry", "pk": 29, "fields": {"action_time": "2024-03-04T23:14:58.836Z", "user": 1, "content_type": 9, "object_id": "34", "object_repr": "CartItem object (34)", "action_flag": 2, "change_message": "[{\"changed\": {\"fields\": [\"Variations\"]}}]"}}, {"model": "admin.logentry", "pk": 30, "fields": {"action_time": "2024-03-04T23:27:18.319Z", "user": 1, "content_type": 10, "object_id": "3", "object_repr": "0qa5g7q88bg66t9oqktcnjpwc1fwhvps", "action_flag": 3, "change_message": ""}}, {"model": "admin.logentry", "pk": 31, "fields": {"action_time": "2024-03-04T23:27:26.933Z", "user": 1, "content_type": 10, "object_id": "4", "object_repr": "", "action_flag": 1, "change_message": "[{\"added\": {}}]"}}, {"model": "admin.logentry", "pk": 32, "fields": {"action_time": "2024-03-04T23:27:37.220Z", "user": 1, "content_type": 10, "object_id": "4", "object_repr": "", "action_flag": 3, "change_message": ""}}, {"model": "admin.logentry", "pk": 33, "fields": {"action_time": "2024-03-04T23:28:08.516Z", "user": 1, "content_type": 11, "object_id": "8", "object_repr": "small", "action_flag": 3, "change_message": ""}}, {"model": "admin.logentry", "pk": 34, "fields": {"action_time": "2024-03-04T23:28:17.874Z", "user": 1, "content_type": 11, "object_id": "7", "object_repr": "White", "action_flag": 3, "change_message": ""}}, {"model": "admin.logentry", "pk": 35, "fields": {"action_time": "2024-03-05T20:40:41.791Z", "user": 1, "content_type": 7, "object_id": "2", "object_repr": "john.doe@gmail.com", "action_flag": 2, "change_message": "[]"}}, {"model": "admin.logentry", "pk": 36, "fields": {"action_time": "2024-03-06T16:06:17.862Z", "user": 1, "content_type": 7, "object_id": "3", "object_repr": "srikarreddy3351@gmail.com", "action_flag": 3, "change_message": ""}}, {"model": "admin.logentry", "pk": 37, "fields": {"action_time": "2024-03-06T16:09:32.073Z", "user": 1, "content_type": 7, "object_id": "4", "object_repr": "srikarreddy3351@gmail.com", "action_flag": 3, "change_message": ""}}, {"model": "admin.logentry", "pk": 38, "fields": {"action_time": "2024-03-06T16:37:42.352Z", "user": 1, "content_type": 7, "object_id": "6", "object_repr": "saxr5@umsystem.edu", "action_flag": 3, "change_message": ""}}, {"model": "admin.logentry", "pk": 39, "fields": {"action_time": "2024-03-06T16:37:42.358Z", "user": 1, "content_type": 7, "object_id": "5", "object_repr": "srikarreddy3351@gmail.com", "action_flag": 3, "change_message": ""}}, {"model": "admin.logentry", "pk": 40, "fields": {"action_time": "2024-03-06T16:41:37.280Z", "user": 1, "content_type": 7, "object_id": "7", "object_repr": "saxr5@umsystem.edu", "action_flag": 3, "change_message": ""}}, {"model": "admin.logentry", "pk": 41, "fields": {"action_time": "2024-03-06T16:57:01.263Z", "user": 1, "content_type": 7, "object_id": "8", "object_repr": "srikarreddy3351@gmail.com", "action_flag": 3, "change_message": ""}}, {"model": "admin.logentry", "pk": 42, "fields": {"action_time": "2024-03-06T21:41:56.622Z", "user": 1, "content_type": 9, "object_id": "45", "object_repr": "CartItem object (45)", "action_flag": 3, "change_message": ""}}, {"model": "admin.logentry", "pk": 43, "fields": {"action_time": "2024-03-06T21:41:56.628Z", "user": 1, "content_type": 9, "object_id": "44", "object_repr": "CartItem object (44)", "action_flag": 3, "change_message": ""}}, {"model": "admin.logentry", "pk": 44, "fields": {"action_time": "2024-03-06T21:41:56.633Z", "user": 1, "content_type": 9, "object_id": "43", "object_repr": "CartItem object (43)", "action_flag": 3, "change_message": ""}}, {"model": "admin.logentry", "pk": 45, "fields": {"action_time": "2024-03-06T21:41:56.640Z", "user": 1, "content_type": 9, "object_id": "42", "object_repr": "CartItem object (42)", "action_flag": 3, "change_message": ""}}, {"model": "admin.logentry", "pk": 46, "fields": {"action_time": "2024-03-06T21:41:56.647Z", "user": 1, "content_type": 9, "object_id": "40", "object_repr": "CartItem object (40)", "action_flag": 3, "change_message": ""}}, {"model": "admin.logentry", "pk": 47, "fields": {"action_time": "2024-03-06T21:41:56.653Z", "user": 1, "content_type": 9, "object_id": "39", "object_repr": "CartItem object (39)", "action_flag": 3, "change_message": ""}}, {"model": "admin.logentry", "pk": 48, "fields": {"action_time": "2024-03-06T21:45:47.573Z", "user": 1, "content_type": 9, "object_id": "46", "object_repr": "CartItem object (46)", "action_flag": 3, "change_message": ""}}, {"model": "admin.logentry", "pk": 49, "fields": {"action_time": "2024-03-06T22:02:22.405Z", "user": 1, "content_type": 10, "object_id": "13", "object_repr": "djx1s53aorjyhsg0t97oea165ifv03kh", "action_flag": 3, "change_message": ""}}, {"model": "admin.logentry", "pk": 50, "fields": {"action_time": "2024-03-06T22:02:22.413Z", "user": 1, "content_type": 10, "object_id": "12", "object_repr": "oc5fg1u5fwoect2snuty5ybg8wkau1o9", "action_flag": 3, "change_message": ""}}, {"model": "admin.logentry", "pk": 51, "fields": {"action_time": "2024-03-06T22:02:22.420Z", "user": 1, "content_type": 10, "object_id": "11", "object_repr": "fh47anqst7m8mbipe2jcqmvj6sc1f1ic", "action_flag": 3, "change_message": ""}}, {"model": "admin.logentry", "pk": 52, "fields": {"action_time": "2024-03-06T22:02:22.428Z", "user": 1, "content_type": 10, "object_id": "10", "object_repr": "0352t0y7zsyr6oyjmhf5q5rhvnwzrnb0", "action_flag": 3, "change_message": ""}}, {"model": "admin.logentry", "pk": 53, "fields": {"action_time": "2024-03-06T22:02:22.434Z", "user": 1, "content_type": 10, "object_id": "9", "object_repr": "2buivf4l05fvr96bnnwz7zhtkn1sy59y", "action_flag": 3, "change_message": ""}}, {"model": "admin.logentry", "pk": 54, "fields": {"action_time": "2024-03-06T22:02:22.440Z", "user": 1, "content_type": 10, "object_id": "8", "object_repr": "bnvan19vwltkucjf3wiun2dan7qtbrgl", "action_flag": 3, "change_message": ""}}, {"model": "admin.logentry", "pk": 55, "fields": {"action_time": "2024-03-06T22:02:22.447Z", "user": 1, "content_type": 10, "object_id": "7", "object_repr": "73ubqv184kjul10ldv7gncl22a40khg2", "action_flag": 3, "change_message": ""}}, {"model": "admin.logentry", "pk": 56, "fields": {"action_time": "2024-03-06T22:02:22.454Z", "user": 1, "content_type": 10, "object_id": "6", "object_repr": "knhygwkeb2fen0zemokaeyp3t1l79uk5", "action_flag": 3, "change_message": ""}}, {"model": "admin.logentry", "pk": 57, "fields": {"action_time": "2024-03-06T22:02:22.460Z", "user": 1, "content_type": 10, "object_id": "5", "object_repr": "0qa5g7q88bg66t9oqktcnjpwc1fwhvps", "action_flag": 3, "change_message": ""}}, {"model": "admin.logentry", "pk": 58, "fields": {"action_time": "2024-03-06T22:16:08.353Z", "user": 1, "content_type": 9, "object_id": "58", "object_repr": "CartItem object (58)", "action_flag": 3, "change_message": ""}}, {"model": "admin.logentry", "pk": 59, "fields": {"action_time": "2024-03-06T22:16:08.360Z", "user": 1, "content_type": 9, "object_id": "57", "object_repr": "CartItem object (57)", "action_flag": 3, "change_message": ""}}, {"model": "admin.logentry", "pk": 60, "fields": {"action_time": "2024-03-06T22:16:08.366Z", "user": 1, "content_type": 9, "object_id": "56", "object_repr": "CartItem object (56)", "action_flag": 3, "change_message": ""}}, {"model": "admin.logentry", "pk": 61, "fields": {"action_time": "2024-03-06T22:38:29.222Z", "user": 1, "content_type": 9, "object_id": "59", "object_repr": "CartItem object (59)", "action_flag": 3, "change_message": ""}}, {"model": "admin.logentry", "pk": 62, "fields": {"action_time": "2024-03-11T14:09:34.490Z", "user": 1, "content_type": 16, "object_id": "1", "object_repr": "SRIKAR REDDY", "action_flag": 1, "change_message": "[{\"added\": {}}]"}}, {"model": "admin.logentry", "pk": 63, "fields": {"action_time": "2024-03-11T14:44:24.844Z", "user": 1, "content_type": 16, "object_id": "1", "object_repr": "Srikar Reddy", "action_flag": 2, "change_message": "[{\"changed\": {\"fields\": [\"User\"]}}]"}}, {"model": "admin.logentry", "pk": 64, "fields": {"action_time": "2024-03-11T15:14:54.468Z", "user": 1, "content_type": 8, "object_id": "1", "object_repr": "ATX Jeans", "action_flag": 2, "change_message": "[{\"added\": {\"name\": \"productgallery\", \"object\": \"ATX Jeans\"}}]"}}, {"model": "admin.logentry", "pk": 65, "fields": {"action_time": "2024-03-11T15:15:06.308Z", "user": 1, "content_type": 8, "object_id": "1", "object_repr": "ATX Jeans", "action_flag": 2, "change_message": "[{\"added\": {\"name\": \"productgallery\", \"object\": \"ATX Jeans\"}}]"}}, {"model": "admin.logentry", "pk": 66, "fields": {"action_time": "2024-03-11T15:15:18.602Z", "user": 1, "content_type": 8, "object_id": "1", "object_repr": "ATX Jeans", "action_flag": 2, "change_message": "[{\"added\": {\"name\": \"productgallery\", \"object\": \"ATX Jeans\"}}]"}}, {"model": "auth.permission", "pk": 1, "fields": {"name": "Can add log entry", "content_type": 1, "codename": "add_logentry"}}, {"model": "auth.permission", "pk": 2, "fields": {"name": "Can change log entry", "content_type": 1, "codename": "change_logentry"}}, {"model": "auth.permission", "pk": 3, "fields": {"name": "Can delete log entry", "content_type": 1, "codename": "delete_logentry"}}, {"model": "auth.permission", "pk": 4, "fields": {"name": "Can view log entry", "content_type": 1, "codename": "view_logentry"}}, {"model": "auth.permission", "pk": 5, "fields": {"name": "Can add permission", "content_type": 2, "codename": "add_permission"}}, {"model": "auth.permission", "pk": 6, "fields": {"name": "Can change permission", "content_type": 2, "codename": "change_permission"}}, {"model": "auth.permission", "pk": 7, "fields": {"name": "Can delete permission", "content_type": 2, "codename": "delete_permission"}}, {"model": "auth.permission", "pk": 8, "fields": {"name": "Can view permission", "content_type": 2, "codename": "view_permission"}}, {"model": "auth.permission", "pk": 9, "fields": {"name": "Can add group", "content_type": 3, "codename": "add_group"}}, {"model": "auth.permission", "pk": 10, "fields": {"name": "Can change group", "content_type": 3, "codename": "change_group"}}, {"model": "auth.permission", "pk": 11, "fields": {"name": "Can delete group", "content_type": 3, "codename": "delete_group"}}, {"model": "auth.permission", "pk": 12, "fields": {"name": "Can view group", "content_type": 3, "codename": "view_group"}}, {"model": "auth.permission", "pk": 13, "fields": {"name": "Can add content type", "content_type": 4, "codename": "add_contenttype"}}, {"model": "auth.permission", "pk": 14, "fields": {"name": "Can change content type", "content_type": 4, "codename": "change_contenttype"}}, {"model": "auth.permission", "pk": 15, "fields": {"name": "Can delete content type", "content_type": 4, "codename": "delete_contenttype"}}, {"model": "auth.permission", "pk": 16, "fields": {"name": "Can view content type", "content_type": 4, "codename": "view_contenttype"}}, {"model": "auth.permission", "pk": 17, "fields": {"name": "Can add session", "content_type": 5, "codename": "add_session"}}, {"model": "auth.permission", "pk": 18, "fields": {"name": "Can change session", "content_type": 5, "codename": "change_session"}}, {"model": "auth.permission", "pk": 19, "fields": {"name": "Can delete session", "content_type": 5, "codename": "delete_session"}}, {"model": "auth.permission", "pk": 20, "fields": {"name": "Can view session", "content_type": 5, "codename": "view_session"}}, {"model": "auth.permission", "pk": 21, "fields": {"name": "Can add category", "content_type": 6, "codename": "add_category"}}, {"model": "auth.permission", "pk": 22, "fields": {"name": "Can change category", "content_type": 6, "codename": "change_category"}}, {"model": "auth.permission", "pk": 23, "fields": {"name": "Can delete category", "content_type": 6, "codename": "delete_category"}}, {"model": "auth.permission", "pk": 24, "fields": {"name": "Can view category", "content_type": 6, "codename": "view_category"}}, {"model": "auth.permission", "pk": 25, "fields": {"name": "Can add account", "content_type": 7, "codename": "add_account"}}, {"model": "auth.permission", "pk": 26, "fields": {"name": "Can change account", "content_type": 7, "codename": "change_account"}}, {"model": "auth.permission", "pk": 27, "fields": {"name": "Can delete account", "content_type": 7, "codename": "delete_account"}}, {"model": "auth.permission", "pk": 28, "fields": {"name": "Can view account", "content_type": 7, "codename": "view_account"}}, {"model": "auth.permission", "pk": 29, "fields": {"name": "Can add product", "content_type": 8, "codename": "add_product"}}, {"model": "auth.permission", "pk": 30, "fields": {"name": "Can change product", "content_type": 8, "codename": "change_product"}}, {"model": "auth.permission", "pk": 31, "fields": {"name": "Can delete product", "content_type": 8, "codename": "delete_product"}}, {"model": "auth.permission", "pk": 32, "fields": {"name": "Can view product", "content_type": 8, "codename": "view_product"}}, {"model": "auth.permission", "pk": 33, "fields": {"name": "Can add cart item", "content_type": 9, "codename": "add_cartitem"}}, {"model": "auth.permission", "pk": 34, "fields": {"name": "Can change cart item", "content_type": 9, "codename": "change_cartitem"}}, {"model": "auth.permission", "pk": 35, "fields": {"name": "Can delete cart item", "content_type": 9, "codename": "delete_cartitem"}}, {"model": "auth.permission", "pk": 36, "fields": {"name": "Can view cart item", "content_type": 9, "codename": "view_cartitem"}}, {"model": "auth.permission", "pk": 37, "fields": {"name": "Can add cart", "content_type": 10, "codename": "add_cart"}}, {"model": "auth.permission", "pk": 38, "fields": {"name": "Can change cart", "content_type": 10, "codename": "change_cart"}}, {"model": "auth.permission", "pk": 39, "fields": {"name": "Can delete cart", "content_type": 10, "codename": "delete_cart"}}, {"model": "auth.permission", "pk": 40, "fields": {"name": "Can view cart", "content_type": 10, "codename": "view_cart"}}, {"model": "auth.permission", "pk": 41, "fields": {"name": "Can add variation", "content_type": 11, "codename": "add_variation"}}, {"model": "auth.permission", "pk": 42, "fields": {"name": "Can change variation", "content_type": 11, "codename": "change_variation"}}, {"model": "auth.permission", "pk": 43, "fields": {"name": "Can delete variation", "content_type": 11, "codename": "delete_variation"}}, {"model": "auth.permission", "pk": 44, "fields": {"name": "Can view variation", "content_type": 11, "codename": "view_variation"}}, {"model": "auth.permission", "pk": 45, "fields": {"name": "Can add order product", "content_type": 12, "codename": "add_orderproduct"}}, {"model": "auth.permission", "pk": 46, "fields": {"name": "Can change order product", "content_type": 12, "codename": "change_orderproduct"}}, {"model": "auth.permission", "pk": 47, "fields": {"name": "Can delete order product", "content_type": 12, "codename": "delete_orderproduct"}}, {"model": "auth.permission", "pk": 48, "fields": {"name": "Can view order product", "content_type": 12, "codename": "view_orderproduct"}}, {"model": "auth.permission", "pk": 49, "fields": {"name": "Can add order", "content_type": 13, "codename": "add_order"}}, {"model": "auth.permission", "pk": 50, "fields": {"name": "Can change order", "content_type": 13, "codename": "change_order"}}, {"model": "auth.permission", "pk": 51, "fields": {"name": "Can delete order", "content_type": 13, "codename": "delete_order"}}, {"model": "auth.permission", "pk": 52, "fields": {"name": "Can view order", "content_type": 13, "codename": "view_order"}}, {"model": "auth.permission", "pk": 53, "fields": {"name": "Can add payment", "content_type": 14, "codename": "add_payment"}}, {"model": "auth.permission", "pk": 54, "fields": {"name": "Can change payment", "content_type": 14, "codename": "change_payment"}}, {"model": "auth.permission", "pk": 55, "fields": {"name": "Can delete payment", "content_type": 14, "codename": "delete_payment"}}, {"model": "auth.permission", "pk": 56, "fields": {"name": "Can view payment", "content_type": 14, "codename": "view_payment"}}, {"model": "auth.permission", "pk": 57, "fields": {"name": "Can add review rating", "content_type": 15, "codename": "add_reviewrating"}}, {"model": "auth.permission", "pk": 58, "fields": {"name": "Can change review rating", "content_type": 15, "codename": "change_reviewrating"}}, {"model": "auth.permission", "pk": 59, "fields": {"name": "Can delete review rating", "content_type": 15, "codename": "delete_reviewrating"}}, {"model": "auth.permission", "pk": 60, "fields": {"name": "Can view review rating", "content_type": 15, "codename": "view_reviewrating"}}, {"model": "auth.permission", "pk": 61, "fields": {"name": "Can add user profile", "content_type": 16, "codename": "add_userprofile"}}, {"model": "auth.permission", "pk": 62, "fields": {"name": "Can change user profile", "content_type": 16, "codename": "change_userprofile"}}, {"model": "auth.permission", "pk": 63, "fields": {"name": "Can delete user profile", "content_type": 16, "codename": "delete_userprofile"}}, {"model": "auth.permission", "pk": 64, "fields": {"name": "Can view user profile", "content_type": 16, "codename": "view_userprofile"}}, {"model": "auth.permission", "pk": 65, "fields": {"name": "Can add productgallery", "content_type": 17, "codename": "add_productgallery"}}, {"model": "auth.permission", "pk": 66, "fields": {"name": "Can change productgallery", "content_type": 17, "codename": "change_productgallery"}}, {"model": "auth.permission", "pk": 67, "fields": {"name": "Can delete productgallery", "content_type": 17, "codename": "delete_productgallery"}}, {"model": "auth.permission", "pk": 68, "fields": {"name": "Can view productgallery", "content_type": 17, "codename": "view_productgallery"}}, {"model": "auth.permission", "pk": 69, "fields": {"name": "Can add login attempt", "content_type": 18, "codename": "add_loginattempt"}}, {"model": "auth.permission", "pk": 70, "fields": {"name": "Can change login attempt", "content_type": 18, "codename": "change_loginattempt"}}, {"model": "auth.permission", "pk": 71, "fields": {"name": "Can delete login attempt", "content_type": 18, "codename": "delete_loginattempt"}}, {"model": "auth.permission", "pk": 72, "fields": {"name": "Can view login attempt", "content_type": 18, "codename": "view_loginattempt"}}, {"model": "contenttypes.contenttype", "pk": 1, "fields": {"app_label": "admin", "model": "logentry"}}, {"model": "contenttypes.contenttype", "pk": 2, "fields": {"app_label": "auth", "model": "permission"}}, {"model": "contenttypes.contenttype", "pk": 3, "fields": {"app_label": "auth", "model": "group"}}, {"model": "contenttypes.contenttype", "pk": 4, "fields": {"app_label": "contenttypes", "model": "contenttype"}}, {"model": "contenttypes.contenttype", "pk": 5, "fields": {"app_label": "sessions", "model": "session"}}, {"model": "contenttypes.contenttype", "pk": 6, "fields": {"app_label": "category", "model": "category"}}, {"model": "contenttypes.contenttype", "pk": 7, "fields": {"app_label": "accounts", "model": "account"}}, {"model": "contenttypes.contenttype", "pk": 8, "fields": {"app_label": "store", "model": "product"}}, {"model": "contenttypes.contenttype", "pk": 9, "fields": {"app_label": "carts", "model": "cartitem"}}, {"model": "contenttypes.contenttype", "pk": 10, "fields": {"app_label": "carts", "model": "cart"}}, {"model": "contenttypes.contenttype", "pk": 11, "fields": {"app_label": "store", "model": "variation"}}, {"model": "contenttypes.contenttype", "pk": 12, "fields": {"app_label": "orders", "model": "orderproduct"}}, {"model": "contenttypes.contenttype", "pk": 13, "fields": {"app_label": "orders", "model": "order"}}, {"model": "contenttypes.contenttype", "pk": 14, "fields": {"app_label": "orders", "model": "payment"}}, {"model": "contenttypes.contenttype", "pk": 15, "fields": {"app_label": "store", "model": "reviewrating"}}, {"model": "contenttypes.contenttype", "pk": 16, "fields": {"app_label": "accounts", "model": "userprofile"}}, {"model": "contenttypes.contenttype", "pk": 17, "fields": {"app_label": "store", "model": "productgallery"}}, {"model": "contenttypes.contenttype", "pk": 18, "fields": {"app_label": "admin_honeypot", "model": "loginattempt"}}, {"model": "sessions.session", "pk": "0xuc0a7rra2u5azwc35kiohmd7lihe81", "fields": {"session_data": "e30:1riN5T:bneVYz6KOkYhTh5QkGwekkHsta7IU4KuBU39xjWHXes", "expire_date": "2024-03-21T23:23:43.266Z"}}, {"model": "sessions.session", "pk": "ktdx852849u4m7k1f80382ca0v9cc33t", "fields": {"session_data": ".eJxVjMsOgjAURP-la9PQi7TFpXu_obkvLGpKQmFl_HchYaHJrOacmbdJuC45rVXnNIq5GGdOvx0hP7XsQB5Y7pPlqSzzSHZX7EGrvU2ir-vh_h1krHlbBxi6KATgthASs5KGNmDvKUrsW_RKiA1IEzQ6fx5YOVDnAQWcY_P5Av0COKs:1rjfk5:sWPKIxUvHzEcs_XZjaHCuIgSMVsxl3kZUXxMTTRVtbw", "expire_date": "2024-03-25T13:31:01.486Z"}}, {"model": "category.category", "pk": 1, "fields": {"category_name": "Shirts", "slug": "shirts", "description": "This is the demo shirt category", "cat_image": "photos/categories/shirts_u9R2S7I.jpg"}}, {"model": "category.category", "pk": 2, "fields": {"category_name": "T Shirt", "slug": "t-shirt", "description": "This is the test description", "cat_image": "photos/categories/tshirts.jpg"}}, {"model": "category.category", "pk": 3, "fields": {"category_name": "Shoes", "slug": "shoes", "description": "This is the shoes category", "cat_image": "photos/categories/shoes.png"}}, {"model": "category.category", "pk": 4, "fields": {"category_name": "Jeans", "slug": "jeans", "description": "This is the jeans category", "cat_image": "photos/categories/jeans.jpg"}}, {"model": "category.category", "pk": 5, "fields": {"category_name": "Jackets", "slug": "jackets", "description": "This is the jacket category", "cat_image": "photos/categories/jackets.jpg"}}, {"model": "accounts.account", "pk": 1, "fields": {"password": "pbkdf2_sha256$720000$x6WEU5KsYGohgd03kxbInm$MzfO6IFi+mkCQM5wFZkyf7fgnsvMDgrVPTQYrIPBKQA=", "first_name": "SRIKAR", "last_name": "Anuga", "username": "Srikar_2001", "email": "srikarreddyanuga@gmail.com", "phone_number": "08106163653", "date_joined": "2024-02-27T18:22:44.824Z", "last_login": "2024-03-11T13:31:01.480Z", "is_admin": true, "is_staff": true, "is_active": true, "is_superadmin": true}}, {"model": "accounts.account", "pk": 2, "fields": {"password": "pbkdf2_sha256$720000$JwnW8zOTWaIsbFFTXeKvyv$wD0BewKuX/IVR+uk8JZAUsoV99bqNNyLgY5UBRBTSwo=", "first_name": "John", "last_name": "Doe", "username": "john.doe", "email": "john.doe@gmail.com", "phone_number": "1234567895", "date_joined": "2024-03-05T19:42:03.374Z", "last_login": "2024-03-05T19:42:03.374Z", "is_admin": false, "is_staff": false, "is_active": false, "is_superadmin": false}}, {"model": "accounts.account", "pk": 9, "fields": {"password": "pbkdf2_sha256$720000$JNwX9HWsjJfvUTgXZ0t5W7$F6WnZ1doJeJveeSEMy85/Eq4t4ay9D+BgLDrcuh76WM=", "first_name": "SRIKAR REDDY", "last_name": "ANUGA", "username": "srikarreddy3351", "email": "srikarreddy3351@gmail.com", "phone_number": "08106163653", "date_joined": "2024-03-06T16:57:31.723Z", "last_login": "2024-03-07T23:20:10.199Z", "is_admin": false, "is_staff": false, "is_active": true, "is_superadmin": false}}, {"model": "accounts.userprofile", "pk": 1, "fields": {"user": 1, "address_line_1": "1-7-171/B2,Suryapet,Telanagana", "address_line_2": "Hi", "profile_picture": "userprofile/branches-2740419_1280.png", "city": "Suryapet", "state": "Telangana", "country": "India"}}, {"model": "store.product", "pk": 1, "fields": {"product_name": "ATX Jeans", "slug": "atx-jeans", "description": "Diam fames vivamus ut cras habitasse nulla class turpis urna. Pulvinar non ornare ante. Rhoncus, primis dui felis bibendum mattis? Magnis etiam molestie praesent bibendum maecenas consequat eget. Metus justo mauris lorem penatibus cubilia. Dictumst posuere nec aliquam, tincidunt ut enim morbi tincidunt tortor pharetra lobortis! Turpis ullamcorper convallis nam imperdiet enim, rutrum duis praesent. Mattis praesent varius condimentum tristique est proin vestibulum feugiat semper. Mus facilisi soci", "price": 199, "images": "photos/products/ATX-Jeans.jpg", "stock": 89, "is_available": true, "category": 4, "created_date": "2024-02-28T15:54:47.975Z", "modified_date": "2024-03-11T15:15:18.596Z"}}, {"model": "store.product", "pk": 2, "fields": {"product_name": "RXN Blue Shirt", "slug": "rxn-blue-shirt", "description": "Diam fames vivamus ut cras habitasse nulla class turpis urna. Pulvinar non ornare ante. Rhoncus, primis dui felis bibendum mattis? Magnis etiam molestie praesent bibendum maecenas consequat eget. Metus justo mauris lorem penatibus cubilia. Dictumst posuere nec aliquam, tincidunt ut enim morbi tincidunt tortor pharetra lobortis! Turpis ullamcorper convallis nam imperdiet enim, rutrum duis praesent. Mattis praesent varius condimentum tristique est proin vestibulum feugiat semper. Mus facilisi soci", "price": 99, "images": "photos/products/Blue-Shirt.jpg", "stock": 200, "is_available": true, "category": 1, "created_date": "2024-02-28T15:55:40.763Z", "modified_date": "2024-02-28T15:55:40.763Z"}}, {"model": "store.product", "pk": 3, "fields": {"product_name": "Great Tshirt", "slug": "great-tshirt", "description": "Diam fames vivamus ut cras habitasse nulla class turpis urna. Pulvinar non ornare ante. Rhoncus, primis dui felis bibendum mattis? Magnis etiam molestie praesent bibendum maecenas consequat eget. Metus justo mauris lorem penatibus cubilia. Dictumst posuere nec aliquam, tincidunt ut enim morbi tincidunt tortor pharetra lobortis! Turpis ullamcorper convallis nam imperdiet enim, rutrum duis praesent. Mattis praesent varius condimentum tristique est proin vestibulum feugiat semper. Mus facilisi soci", "price": 119, "images": "photos/products/Great-Tshirt.jpg", "stock": 0, "is_available": true, "category": 2, "created_date": "2024-02-28T15:56:17.377Z", "modified_date": "2024-02-28T23:12:26.500Z"}}, {"model": "store.product", "pk": 4, "fields": {"product_name": "Jordan Basketball Shoes", "slug": "jordan-basketball-shoes", "description": "Diam fames vivamus ut cras habitasse nulla class turpis urna. Pulvinar non ornare ante. Rhoncus, primis dui felis bibendum mattis? Magnis etiam molestie praesent bibendum maecenas consequat eget. Metus justo mauris lorem penatibus cubilia. Dictumst posuere nec aliquam, tincidunt ut enim morbi tincidunt tortor pharetra lobortis! Turpis ullamcorper convallis nam imperdiet enim, rutrum duis praesent. Mattis praesent varius condimentum tristique est proin vestibulum feugiat semper. Mus facilisi soci", "price": 999, "images": "photos/products/jordan-true-flight-basketball-shoes.jpg", "stock": 500, "is_available": true, "category": 3, "created_date": "2024-02-28T15:57:06.747Z", "modified_date": "2024-02-28T15:57:06.747Z"}}, {"model": "store.product", "pk": 5, "fields": {"product_name": "Mavi Jeans", "slug": "mavi-jeans", "description": "Diam fames vivamus ut cras habitasse nulla class turpis urna. Pulvinar non ornare ante. Rhoncus, primis dui felis bibendum mattis? Magnis etiam molestie praesent bibendum maecenas consequat eget. Metus justo mauris lorem penatibus cubilia. Dictumst posuere nec aliquam, tincidunt ut enim morbi tincidunt tortor pharetra lobortis! Turpis ullamcorper convallis nam imperdiet enim, rutrum duis praesent. Mattis praesent varius condimentum tristique est proin vestibulum feugiat semper. Mus facilisi soci", "price": 499, "images": "photos/products/Mavi_jeans.jpg", "stock": 1000, "is_available": true, "category": 4, "created_date": "2024-02-28T15:57:35.627Z", "modified_date": "2024-02-28T15:57:35.627Z"}}, {"model": "store.product", "pk": 6, "fields": {"product_name": "Puma Ferrari Shoes", "slug": "puma-ferrari-shoes", "description": "Diam fames vivamus ut cras habitasse nulla class turpis urna. Pulvinar non ornare ante. Rhoncus, primis dui felis bibendum mattis? Magnis etiam molestie praesent bibendum maecenas consequat eget. Metus justo mauris lorem penatibus cubilia. Dictumst posuere nec aliquam, tincidunt ut enim morbi tincidunt tortor pharetra lobortis! Turpis ullamcorper convallis nam imperdiet enim, rutrum duis praesent. Mattis praesent varius condimentum tristique est proin vestibulum feugiat semper. Mus facilisi soci", "price": 1099, "images": "photos/products/Puma-Ferrari-Shoes.jpg", "stock": 500, "is_available": true, "category": 3, "created_date": "2024-02-28T16:05:57.001Z", "modified_date": "2024-02-28T16:05:57.001Z"}}, {"model": "store.product", "pk": 7, "fields": {"product_name": "US Polo Assn Jacket", "slug": "us-polo-assn-jacket", "description": "Diam fames vivamus ut cras habitasse nulla class turpis urna. Pulvinar non ornare ante. Rhoncus, primis dui felis bibendum mattis? Magnis etiam molestie praesent bibendum maecenas consequat eget. Metus justo mauris lorem penatibus cubilia. Dictumst posuere nec aliquam, tincidunt ut enim morbi tincidunt tortor pharetra lobortis! Turpis ullamcorper convallis nam imperdiet enim, rutrum duis praesent. Mattis praesent varius condimentum tristique est proin vestibulum feugiat semper. Mus facilisi soci", "price": 899, "images": "photos/products/US-Polo-Assn_Jacket.jpg", "stock": 300, "is_available": true, "category": 5, "created_date": "2024-02-28T16:07:51.501Z", "modified_date": "2024-02-28T16:07:51.501Z"}}, {"model": "store.product", "pk": 8, "fields": {"product_name": "Wrangler Shirt", "slug": "wrangler-shirt", "description": "Diam fames vivamus ut cras habitasse nulla class turpis urna. Pulvinar non ornare ante. Rhoncus, primis dui felis bibendum mattis? Magnis etiam molestie praesent bibendum maecenas consequat eget. Metus justo mauris lorem penatibus cubilia. Dictumst posuere nec aliquam, tincidunt ut enim morbi tincidunt tortor pharetra lobortis! Turpis ullamcorper convallis nam imperdiet enim, rutrum duis praesent. Mattis praesent varius condimentum tristique est proin vestibulum feugiat semper. Mus facilisi soci", "price": 699, "images": "photos/products/Wrangler-Shirt.jpg", "stock": 2000, "is_available": true, "category": 1, "created_date": "2024-02-28T16:08:30.954Z", "modified_date": "2024-02-28T16:08:30.954Z"}}, {"model": "store.variation", "pk": 1, "fields": {"product": 1, "variation_category": "color", "variation_value": "White", "is_active": true, "created_date": "2024-03-04T16:31:12.472Z"}}, {"model": "store.variation", "pk": 2, "fields": {"product": 1, "variation_category": "color", "variation_value": "Blue", "is_active": true, "created_date": "2024-03-04T16:12:16.347Z"}}, {"model": "store.variation", "pk": 3, "fields": {"product": 1, "variation_category": "color", "variation_value": "Green", "is_active": true, "created_date": "2024-03-04T16:12:28.455Z"}}, {"model": "store.variation", "pk": 4, "fields": {"product": 1, "variation_category": "size", "variation_value": "Small", "is_active": true, "created_date": "2024-03-04T17:53:51.252Z"}}, {"model": "store.variation", "pk": 5, "fields": {"product": 1, "variation_category": "size", "variation_value": "Medium", "is_active": true, "created_date": "2024-03-04T17:53:10.820Z"}}, {"model": "store.variation", "pk": 6, "fields": {"product": 1, "variation_category": "size", "variation_value": "Large", "is_active": true, "created_date": "2024-03-04T17:53:29.353Z"}}, {"model": "store.reviewrating", "pk": 1, "fields": {"product": 1, "user": 1, "subject": "Test", "review": "hi", "rating": 4.5, "ip": "127.0.0.1", "status": true, "created_at": "2024-03-07T22:14:04.601Z", "updated_at": "2024-03-07T23:12:44.297Z"}}, {"model": "store.reviewrating", "pk": 2, "fields": {"product": 1, "user": 9, "subject": "ugkj", "review": "kugtjhmg", "rating": 5.0, "ip": "127.0.0.1", "status": true, "created_at": "2024-03-07T23:20:20.768Z", "updated_at": "2024-03-07T23:20:20.768Z"}}, {"model": "store.productgallery", "pk": 1, "fields": {"product": 1, "image": "store/products/Mavi_jeans.jpg"}}, {"model": "store.productgallery", "pk": 2, "fields": {"product": 1, "image": "store/products/ATX-Jeans.jpg"}}, {"model": "store.productgallery", "pk": 3, "fields": {"product": 1, "image": "store/products/Mavi_jeans_Sgvf0gM.jpg"}}, {"model": "carts.cart", "pk": 14, "fields": {"cart_id": "tmjgsjauk3qqvev73v8wcsc1swkr58z2", "date_added": "2024-03-06"}}, {"model": "carts.cart", "pk": 15, "fields": {"cart_id": "m00z8hzsbfawruo61v5bylkj0bnvcg8z", "date_added": "2024-03-06"}}, {"model": "carts.cart", "pk": 16, "fields": {"cart_id": "ddg5fjwpa2yqgizv49ofjml5vvqo4le4", "date_added": "2024-03-06"}}, {"model": "carts.cart", "pk": 17, "fields": {"cart_id": "5fumuacpdj01j6if4q1scows5mlkevj1", "date_added": "2024-03-06"}}, {"model": "carts.cart", "pk": 18, "fields": {"cart_id": "5m30woc8akx0hvhpcjfhqo07b75br44t", "date_added": "2024-03-06"}}, {"model": "carts.cart", "pk": 19, "fields": {"cart_id": "o0egvmwdzq7exq9hhbejnujod8oqmo3h", "date_added": "2024-03-06"}}, {"model": "carts.cart", "pk": 20, "fields": {"cart_id": "4a5yjxgc0fqxsdt8grrn1zs87bfez8li", "date_added": "2024-03-06"}}, {"model": "carts.cartitem", "pk": 61, "fields": {"user": null, "product": 1, "cart": 18, "quantity": 1, "is_active": true, "variations": [1, 5]}}, {"model": "carts.cartitem", "pk": 63, "fields": {"user": null, "product": 1, "cart": 20, "quantity": 1, "is_active": true, "variations": [1, 4]}}, {"model": "carts.cartitem", "pk": 72, "fields": {"user": 1, "product": 1, "cart": null, "quantity": 1, "is_active": true, "variations": [1, 4]}}, {"model": "orders.payment", "pk": 1, "fields": {"user": 1, "payment_id": "1MM59378DA997360B", "payment_method": "PayPal", "amount_paid": "608.94", "status": "COMPLETED", "created_at": "2024-03-07T18:36:37.966Z"}}, {"model": "orders.payment", "pk": 2, "fields": {"user": 1, "payment_id": "2L397094FC172715V", "payment_method": "PayPal", "amount_paid": "608.94", "status": "COMPLETED", "created_at": "2024-03-07T18:56:10.538Z"}}, {"model": "orders.payment", "pk": 3, "fields": {"user": 1, "payment_id": "73M00921E8289684E", "payment_method": "PayPal", "amount_paid": "202.98", "status": "COMPLETED", "created_at": "2024-03-07T19:03:19.107Z"}}, {"model": "orders.payment", "pk": 4, "fields": {"user": 1, "payment_id": "98W28438T4654435C", "payment_method": "PayPal", "amount_paid": "405.96", "status": "COMPLETED", "created_at": "2024-03-07T19:25:43.477Z"}}, {"model": "orders.payment", "pk": 5, "fields": {"user": 1, "payment_id": "14E80036HB871482Y", "payment_method": "PayPal", "amount_paid": "202.98", "status": "COMPLETED", "created_at": "2024-03-07T19:42:32.050Z"}}, {"model": "orders.payment", "pk": 6, "fields": {"user": 1, "payment_id": "4EM33900M4290420G", "payment_method": "PayPal", "amount_paid": "202.98", "status": "COMPLETED", "created_at": "2024-03-07T19:47:27.565Z"}}, {"model": "orders.order", "pk": 1, "fields": {"user": 1, "payment": null, "order_number": "202403071", "first_name": "SRIKAR REDDY", "last_name": "ANUGA", "phone": "08106163653", "email": "srikarreddyanuga@gmail.com", "address_line_1": "1-82,Ramannagudem,Atmakur(S),Suryapet,Telanagana", "address_line_2": "dsavfa", "country": "India", "state": "Telangana", "city": "Suryapet", "order_note": "sfdBzx", "order_total": 608.94, "tax": 11.94, "status": "New", "ip": "127.0.0.1", "is_ordered": false, "created_at": "2024-03-07T16:15:27.314Z", "updated_at": "2024-03-07T16:15:27.321Z"}}, {"model": "orders.order", "pk": 2, "fields": {"user": 1, "payment": null, "order_number": "202403072", "first_name": "SRIKAR REDDY", "last_name": "ANUGA", "phone": "08106163653", "email": "srikarreddyanuga@gmail.com", "address_line_1": "1-82,Ramannagudem,Atmakur(S),Suryapet,Telanagana", "address_line_2": "dsavfa", "country": "India", "state": "Telangana", "city": "Suryapet", "order_note": "sfdBzx", "order_total": 608.94, "tax": 11.94, "status": "New", "ip": "127.0.0.1", "is_ordered": false, "created_at": "2024-03-07T18:23:06.711Z", "updated_at": "2024-03-07T18:23:06.720Z"}}, {"model": "orders.order", "pk": 3, "fields": {"user": 1, "payment": null, "order_number": "202403073", "first_name": "SRIKAR REDDY", "last_name": "ANUGA", "phone": "08106163653", "email": "srikarreddyanuga@gmail.com", "address_line_1": "1-82,Ramannagudem,Atmakur(S),Suryapet,Telanagana", "address_line_2": "dsavfa", "country": "India", "state": "Telangana", "city": "Suryapet", "order_note": "drfgs", "order_total": 608.94, "tax": 11.94, "status": "New", "ip": "127.0.0.1", "is_ordered": false, "created_at": "2024-03-07T18:25:45.690Z", "updated_at": "2024-03-07T18:25:45.697Z"}}, {"model": "orders.order", "pk": 4, "fields": {"user": 1, "payment": null, "order_number": "202403074", "first_name": "SRIKAR REDDY", "last_name": "ANUGA", "phone": "08106163653", "email": "srikarreddyanuga@gmail.com", "address_line_1": "1-82,Ramannagudem,Atmakur(S),Suryapet,Telanagana", "address_line_2": "dsavfa", "country": "India", "state": "Telangana", "city": "Suryapet", "order_note": "ulyhfghjg", "order_total": 608.94, "tax": 11.94, "status": "New", "ip": "127.0.0.1", "is_ordered": false, "created_at": "2024-03-07T18:32:27.514Z", "updated_at": "2024-03-07T18:32:27.522Z"}}, {"model": "orders.order", "pk": 5, "fields": {"user": 1, "payment": 1, "order_number": "202403075", "first_name": "SRIKAR REDDY", "last_name": "ANUGA", "phone": "08106163653", "email": "srikarreddyanuga@gmail.com", "address_line_1": "1-82,Ramannagudem,Atmakur(S),Suryapet,Telanagana", "address_line_2": "dsavfa", "country": "India", "state": "Telangana", "city": "Suryapet", "order_note": "ulyhfghjg", "order_total": 608.94, "tax": 11.94, "status": "New", "ip": "127.0.0.1", "is_ordered": true, "created_at": "2024-03-07T18:33:27.490Z", "updated_at": "2024-03-07T18:36:37.971Z"}}, {"model": "orders.order", "pk": 6, "fields": {"user": 1, "payment": 2, "order_number": "202403076", "first_name": "SRIKAR REDDY", "last_name": "ANUGA", "phone": "08106163653", "email": "srikarreddyanuga@gmail.com", "address_line_1": "1-82,Ramannagudem,Atmakur(S),Suryapet,Telanagana", "address_line_2": "dsavfa", "country": "India", "state": "Telangana", "city": "Suryapet", "order_note": "tyrhfn", "order_total": 608.94, "tax": 11.94, "status": "New", "ip": "127.0.0.1", "is_ordered": true, "created_at": "2024-03-07T18:55:29.460Z", "updated_at": "2024-03-07T18:56:10.544Z"}}, {"model": "orders.order", "pk": 7, "fields": {"user": 1, "payment": 3, "order_number": "202403077", "first_name": "SRIKAR REDDY", "last_name": "ANUGA", "phone": "08106163653", "email": "srikarreddyanuga@gmail.com", "address_line_1": "1-82,Ramannagudem,Atmakur(S),Suryapet,Telanagana", "address_line_2": "sgfr", "country": "India", "state": "Telangana", "city": "Suryapet", "order_note": "fdgdg", "order_total": 202.98, "tax": 3.98, "status": "New", "ip": "127.0.0.1", "is_ordered": true, "created_at": "2024-03-07T19:03:08.208Z", "updated_at": "2024-03-07T19:03:19.118Z"}}, {"model": "orders.order", "pk": 8, "fields": {"user": 1, "payment": 4, "order_number": "202403078", "first_name": "SRIKAR", "last_name": "ANUGA", "phone": "08106163653", "email": "srikarreddyanuga@gmail.com", "address_line_1": "1-7-171/B2,Suryapet,Telanagana", "address_line_2": "Hi", "country": "India", "state": "Telangana", "city": "Suryapet", "order_note": "dvzgsvs", "order_total": 405.96, "tax": 7.96, "status": "New", "ip": "127.0.0.1", "is_ordered": true, "created_at": "2024-03-07T19:24:53.673Z", "updated_at": "2024-03-07T19:25:43.490Z"}}, {"model": "orders.order", "pk": 9, "fields": {"user": 1, "payment": 5, "order_number": "202403079", "first_name": "SRIKAR", "last_name": "ANUGA", "phone": "08106163653", "email": "srikarreddyanuga@gmail.com", "address_line_1": "1-7-171/B2,Suryapet,Telanagana", "address_line_2": "Hi", "country": "India", "state": "Telangana", "city": "Suryapet", "order_note": "vc nb", "order_total": 202.98, "tax": 3.98, "status": "New", "ip": "127.0.0.1", "is_ordered": true, "created_at": "2024-03-07T19:42:07.339Z", "updated_at": "2024-03-07T19:42:32.062Z"}}, {"model": "orders.order", "pk": 10, "fields": {"user": 1, "payment": 6, "order_number": "2024030710", "first_name": "SRIKAR", "last_name": "ANUGA", "phone": "08106163653", "email": "srikarreddyanuga@gmail.com", "address_line_1": "1-7-171/B2,Suryapet,Telanagana", "address_line_2": "rhth", "country": "India", "state": "Telangana", "city": "Suryapet", "order_note": "6ruteh", "order_total": 202.98, "tax": 3.98, "status": "New", "ip": "127.0.0.1", "is_ordered": true, "created_at": "2024-03-07T19:47:12.123Z", "updated_at": "2024-03-07T19:47:27.577Z"}}, {"model": "orders.order", "pk": 11, "fields": {"user": 1, "payment": null, "order_number": "2024031011", "first_name": "SRIKAR", "last_name": "ANUGA", "phone": "08106163653", "email": "srikarreddyanuga@gmail.com", "address_line_1": "1-7-171/B2,Suryapet,Telanagana", "address_line_2": "sgfr", "country": "India", "state": "Telangana", "city": "Suryapet", "order_note": "eafr", "order_total": 202.98, "tax": 3.98, "status": "New", "ip": "127.0.0.1", "is_ordered": false, "created_at": "2024-03-11T02:28:25.230Z", "updated_at": "2024-03-11T02:28:25.237Z"}}, {"model": "orders.orderproduct", "pk": 1, "fields": {"order": 5, "payment": 1, "user": 1, "product": 1, "quantity": 2, "product_price": 199.0, "ordered": true, "created_at": "2024-03-07T18:36:37.980Z", "updated_at": "2024-03-07T18:36:37.997Z", "variations": [1, 4]}}, {"model": "orders.orderproduct", "pk": 2, "fields": {"order": 5, "payment": 1, "user": 1, "product": 1, "quantity": 1, "product_price": 199.0, "ordered": true, "created_at": "2024-03-07T18:36:38.010Z", "updated_at": "2024-03-07T18:36:38.025Z", "variations": [3, 5]}}, {"model": "orders.orderproduct", "pk": 3, "fields": {"order": 6, "payment": 2, "user": 1, "product": 1, "quantity": 2, "product_price": 199.0, "ordered": true, "created_at": "2024-03-07T18:56:10.553Z", "updated_at": "2024-03-07T18:56:10.571Z", "variations": [1, 4]}}, {"model": "orders.orderproduct", "pk": 4, "fields": {"order": 6, "payment": 2, "user": 1, "product": 1, "quantity": 1, "product_price": 199.0, "ordered": true, "created_at": "2024-03-07T18:56:10.586Z", "updated_at": "2024-03-07T18:56:10.598Z", "variations": [3, 5]}}, {"model": "orders.orderproduct", "pk": 5, "fields": {"order": 7, "payment": 3, "user": 1, "product": 1, "quantity": 1, "product_price": 199.0, "ordered": true, "created_at": "2024-03-07T19:03:19.126Z", "updated_at": "2024-03-07T19:03:19.182Z", "variations": [1, 4]}}, {"model": "orders.orderproduct", "pk": 6, "fields": {"order": 8, "payment": 4, "user": 1, "product": 1, "quantity": 1, "product_price": 199.0, "ordered": true, "created_at": "2024-03-07T19:25:43.497Z", "updated_at": "2024-03-07T19:25:43.513Z", "variations": [1, 4]}}, {"model": "orders.orderproduct", "pk": 7, "fields": {"order": 8, "payment": 4, "user": 1, "product": 1, "quantity": 1, "product_price": 199.0, "ordered": true, "created_at": "2024-03-07T19:25:43.526Z", "updated_at": "2024-03-07T19:25:43.537Z", "variations": [2, 5]}}, {"model": "orders.orderproduct", "pk": 8, "fields": {"order": 9, "payment": 5, "user": 1, "product": 1, "quantity": 1, "product_price": 199.0, "ordered": true, "created_at": "2024-03-07T19:42:32.071Z", "updated_at": "2024-03-07T19:42:32.088Z", "variations": [2, 4]}}, {"model": "orders.orderproduct", "pk": 9, "fields": {"order": 10, "payment": 6, "user": 1, "product": 1, "quantity": 1, "product_price": 199.0, "ordered": true, "created_at": "2024-03-07T19:47:27.584Z", "updated_at": "2024-03-07T19:47:27.600Z", "variations": [1, 4]}}]